Workbook

Sheet 进度看板
A1: 动画资源进度看板（帧数与完成率随清单自动统计）
A3: 对象 | B3: 动作条数 | C3: 总帧数 | D3: P0 帧数 | E3: P1 帧数 | F3: P2 帧数 | G3: 已完成帧数 | H3: 验收通过帧数 | I3: 完成率
A4: 主角 Player | B4: =COUNTA(主角动作清单!E2:E23) | C4: =SUM(主角动作清单!F2:F23) | D4: =SUMIF(主角动作清单!C2:C23,"P0",主角动作清单!F2:F23) | E4: =SUMIF(主角动作清单!C2:C23,"P1",主角动作清单!F2:F23) | F4: =SUMIF(主角动作清单!C2:C23,"P2",主角动作清单!F2:F23) | G4: =SUMIF(主角动作清单!O2:O23,"已完成",主角动作清单!F2:F23) | H4: =SUMIF(主角动作清单!P2:P23,"通过",主角动作清单!F2:F23) | I4: =IF(C4=0,"",G4/C4)
A5: 敌人与 BOSS | B5: =COUNTA(敌人与BOSS!E2:E30) | C5: =SUM(敌人与BOSS!F2:F30) | D5: =SUMIF(敌人与BOSS!C2:C30,"P0",敌人与BOSS!F2:F30) | E5: =SUMIF(敌人与BOSS!C2:C30,"P1",敌人与BOSS!F2:F30) | F5: =SUMIF(敌人与BOSS!C2:C30,"P2",敌人与BOSS!F2:F30) | G5: =SUMIF(敌人与BOSS!O2:O30,"已完成",敌人与BOSS!F2:F30) | H5: =SUMIF(敌人与BOSS!P2:P30,"通过",敌人与BOSS!F2:F30) | I5: =IF(C5=0,"",G5/C5)
A6: 合计 | B6: =B4+B5 | C6: =C4+C5 | D6: =D4+D5 | E6: =E4+E5 | F6: =F4+F5 | G6: =G4+G5 | H6: =H4+H5 | I6: =IF(C6=0,"",G6/C6)
A8: 使用说明
A9: 1 | B9: 在两张清单中把「制作状态」改为 制作中 / 已完成，本表总帧数、P0-P1-P2 帧数与完成率自动更新。
A10: 2 | B10: 调整帧数或 Samples 后，清单「时长(s)」自动重算；新增动作请在表尾插入行并把公式/下拉向下填充。
A11: 3 | B11: 「动画事件帧」是客户端挂 Animation Event 的依据（Hitbox 开关、音效、特效、控制恢复）。
A12: 优先级口径 | B12: P0=必做（三关卡 MVP）；P1=推荐（手感与答辩展示）；P2=可选（时间富余再做）。
A13: 帧数口径 | B13: 帧数区间对齐 itch.io 主流 2D 平台动作素材包；主角 Run 采用 16 帧 @24（0.67s 循环）。

Sheet 主角动作清单
A1: 角色 | B1: 序号 | C1: 优先级 | D1: Clip 命名 | E1: 动作 | F1: 帧数 | G1: Samples | H1: 循环 | I1: 时长(s) | J1: 动画事件帧（Animation Event） | K1: 用途 / 对应关卡 | L1: 精灵表路径 | M1: Clip 路径 | N1: 画布尺寸 | O1: 制作状态 | P1: 验收状态 | Q1: 备注
A2: 主角 Player | B2: 1 | C2: P0 | D2: Player_Idle | E2: 待机呼吸 | F2: 10 | G2: 12 | H2: 是 | I2: =IF(OR(F2="",G2=""),"",F2/G2) | J2: 帧3 呼吸顶点（可无事件） | K2: 全关卡待机 | L2: Assets/Art/Art/Player/Sheets/Player_Idle_sheet.png | M2: Assets/Animations/Player/Idle.anim | N2: 1200×833 | O2: 已完成 | P2: 待验收
A3: 主角 Player | B3: 2 | C3: P0 | D3: Player_Run | E3: 奔跑 | F3: 8 | G3: 24 | H3: 是 | I3: =IF(OR(F3="",G3=""),"",F3/G3) | J3: 帧1 Footstep（脚步音效+尘土） | K3: 关卡1核心移动 | L3: Assets/Art/Art/Player/Sheets/Player_Run_sheet.png | M3: Assets/Animations/Player/Run.anim | N3: 1200×833 | O3: 已完成 | P3: 待验收 | Q3: 循环 0.33s，配 moveSpeed=4
A4: 主角 Player | B4: 3 | C4: P0 | D4: Player_Jump | E4: 起跳 | F4: 3 | G4: 24 | H4: 否 | I4: =IF(OR(F4="",G4=""),"",F4/G4) | J4: 帧1 JumpFx（起跳音+尘土） | K4: 跳跃 | L4: Assets/Art/Art/Player/Sheets/Player_Jump_sheet.png | M4: Assets/Animations/Player/Jump.anim | N4: 1200×833 | O4: 已完成 | P4: 待验收
A5: 主角 Player | B5: 4 | C5: P0 | D5: Player_Fall | E5: 空中下落 | F5: 4 | G5: 12 | H5: 是 | I5: =IF(OR(F5="",G5=""),"",F5/G5) | J5: 无（空中姿态循环） | K5: 平台跳跃 | L5: Assets/Art/Art/Player/Sheets/Player_Fall_sheet.png | M5: Assets/Animations/Player/Fall.anim | N5: 1200×833 | O5: 已完成 | P5: 待验收
A6: 主角 Player | B6: 5 | C6: P0 | D6: Player_Land | E6: 落地 | F6: 3 | G6: 24 | H6: 否 | I6: =IF(OR(F6="",G6=""),"",F6/G6) | J6: 帧1 LandFx（落地音+尘土） | K6: 落地缓冲 | L6: Assets/Art/Art/Player/Sheets/Player_Land_sheet.png | M6: Assets/Animations/Player/Land.anim | N6: 1200×833 | O6: 已完成 | P6: 待验收
A7: 主角 Player | B7: 6 | C7: P0 | D7: Player_Attack01 | E7: 轻攻击一段 | F7: 8 | G7: 24 | H7: 否 | I7: =IF(OR(F7="",G7=""),"",F7/G7) | J7: 帧2 HitOn（投掷）；帧8 HitOff | K7: 关卡3 打机器人/BOSS | L7: Assets/Art/Art/Player/Sheets/Player_Attack01_sheet.png | M7: Assets/Animations/Player/Attack.anim | N7: 1200×833 | O7: 已完成 | P7: 待验收 | Q7: 投掷机械爪+蓝光束回收；判定窗 0.04–0.29s
A8: 主角 Player | B8: 7 | C8: P0 | D8: Player_Interact | E8: 互动 / 拾取 | F8: 6 | G8: 18 | H8: 否 | I8: =IF(OR(F8="",G8=""),"",F8/G8) | J8: 帧3 生效（拾取/清理/救援）；帧6 End | K8: 捡净化装置、清垃圾、救动物 | L8: Assets/Art/Art/Player/Sheets/Player_Interact_sheet.png | M8: Assets/Animations/Player/Interact.anim | N8: 1200×833 | O8: 已完成 | P8: 待验收
A9: 主角 Player | B9: 8 | C9: P0 | D9: Player_Hurt | E9: 受击 | F9: 3 | G9: 15 | H9: 否 | I9: =IF(OR(F9="",G9=""),"",F9/G9) | J9: 帧1 受击音+无敌开始；帧3 恢复控制 | K9: 被怪物/机关击中 | L9: Assets/Art/Art/Player/Sheets/Player_Hurt_sheet.png | M9: Assets/Animations/Player/Hurt.anim | N9: 1200×833 | O9: 已完成 | P9: 待验收 | Q9: 无敌时长≈0.2s
A10: 主角 Player | B10: 9 | C10: P0 | D10: Player_Die | E10: 死亡 | F10: 8 | G10: 18 | H10: 否 | I10: =IF(OR(F10="",G10=""),"",F10/G10) | J10: 帧1 死亡音；帧7 DieEnd（弹结算） | K10: 失败结算 | L10: Assets/Art/Art/Player/Sheets/Player_Die_sheet.png | M10: Assets/Animations/Player/Death.anim | N10: 1200×833 | O10: 已完成 | P10: 待验收
A11: 主角 Player | B11: 10 | C11: P1 | D11: Player_Dash | E11: 冲刺 | F11: 6 | G11: 30 | H11: 否 | I11: =IF(OR(F11="",G11=""),"",F11/G11) | J11: 帧1 DashFx；帧1-5 无敌窗口 | K11: 快速位移 / 闪避 | L11: Assets/Art/Art/Player/Sheets/Player_Dash_sheet.png | M11: Assets/Animations/Player/Dash.anim | N11: 1200×833 | O11: 已完成 | P11: 待验收
A12: 主角 Player | B12: 11 | C12: P1 | D12: Player_Roll | E12: 翻滚 | F12: 8 | G12: 24 | H12: 否 | I12: =IF(OR(F12="",G12=""),"",F12/G12) | J12: 帧2-6 无敌窗口（躲毒气/BOSS） | K12: 关卡2/3 闪避 | L12: Assets/Art/Art/Player/Sheets/Player_Roll_sheet.png | M12: Assets/Animations/Player/Roll.anim | N12: 1200×833 | O12: 已完成 | P12: 待验收
A13: 主角 Player | B13: 12 | C13: P1 | D13: Player_Attack02 | E13: 轻攻击二段 | F13: 8 | G13: 24 | H13: 否 | I13: =IF(OR(F13="",G13=""),"",F13/G13) | J13: 帧3 HitOn；帧7 HitOff；帧8 End | K13: 连击 | L13: Assets/Art/Art/Player/Sheets/Player_Attack02_sheet.png | M13: Assets/Animations/Player/Attack02.anim | N13: 1200×833 | O13: 已完成 | P13: 待验收
A14: 主角 Player | B14: 13 | C14: P1 | D14: Player_Attack03 | E14: 轻攻击三段 | F14: 9 | G14: 24 | H14: 否 | I14: =IF(OR(F14="",G14=""),"",F14/G14) | J14: 帧1 HitOn（0.0375s）；帧8 HitOff（0.31875s） | K14: 连击收尾 | L14: Assets/Art/Art/Player/Sheets/Player_Attack03_sheet.png | M14: Assets/Animations/Player/Attack03.anim | N14: 1200×833 | O14: 已完成 | P14: 待验收
A15: 主角 Player | B15: 14 | C15: P1 | D15: Player_AttackAir | E15: 空中攻击 | F15: 6 | G15: 24 | H15: 否 | I15: =IF(OR(F15="",G15=""),"",F15/G15) | J15: 帧3 HitOn；帧5 HitOff | K15: BOSS 战立体度 | L15: Assets/Art/Art/Player/Sheets/Player_AttackAir_sheet.png | M15: Assets/Animations/Player/AttackAir.anim | N15: 1200×833 | O15: 已完成 | P15: 待验收
A16: 主角 Player | B16: 15 | C16: P1 | D16: Player_Victory | E16: 过关庆祝 | F16: 8 | G16: 15 | H16: 是 | I16: =IF(OR(F16="",G16=""),"",F16/G16) | J16: 帧1 胜利音（可选） | K16: 过关结算 / 答辩演示 | L16: Assets/Art/Art/Player/Sheets/Player_Victory_sheet.png | M16: Assets/Animations/Player/Victory.anim | N16: 1200×833 | O16: 已完成 | P16: 待验收
A17: 主角 Player | B17: 16 | C17: P1 | D17: Player_Turn | E17: 转身过渡 | F17: 1 | G17: 24 | H17: 否 | I17: =IF(OR(F17="",G17=""),"",F17/G17) | J17: 无；flipX 够顺可删除该动作 | K17: 转向 | L17: Assets/Art/Art/Player/Sheets/Player_Turn_sheet.png | M17: Assets/Animations/Player/Turn.anim | N17: 1200×833 | O17: 已完成 | P17: 待验收 | Q17: 可裁剪项
A18: 主角 Player | B18: 17 | C18: P2 | D18: Player_WallSlide | E18: 贴墙下滑 | F18: 3 | G18: 12 | H18: 是 | I18: =IF(OR(F18="",G18=""),"",F18/G18) | J18: 无 | K18: 工厂关卡墙面 | L18: Assets/Art/Art/Player/Sheets/Player_WallSlide_sheet.png | M18: Assets/Animations/Player/WallSlide.anim | N18: 1200×833 | O18: 已完成 | P18: 待验收
A19: 主角 Player | B19: 18 | C19: P2 | D19: Player_WallJump | E19: 墙跳 | F19: 3 | G19: 24 | H19: 否 | I19: =IF(OR(F19="",G19=""),"",F19/G19) | J19: 帧1 JumpFx | K19: 工厂关卡 | L19: Assets/Art/Art/Player/Sheets/Player_WallJump_sheet.png | M19: Assets/Animations/Player/WallJump.anim | N19: 1200×833 | O19: 已完成 | P19: 待验收
A20: 主角 Player | B20: 19 | C20: P2 | D20: Player_LedgeGrab | E20: 抓边悬挂 | F20: 3 | G20: 12 | H20: 是 | I20: =IF(OR(F20="",G20=""),"",F20/G20) | J20: 末帧 Hold | K20: 平台边缘 | L20: Assets/Art/Art/Player/Sheets/Player_LedgeGrab_sheet.png | M20: Assets/Animations/Player/LedgeGrab.anim | N20: 1200×833 | O20: 已完成 | P20: 待验收
A21: 主角 Player | B21: 20 | C21: P2 | D21: Player_Crouch | E21: 下蹲 | F21: 2 | G21: 15 | H21: 否 | I21: =IF(OR(F21="",G21=""),"",F21/G21) | J21: 帧2 Hold | K21: 躲避/机关 | L21: Assets/Art/Art/Player/Sheets/Player_Crouch_sheet.png | M21: Assets/Animations/Player/Crouch.anim | N21: 1200×833 | O21: 已完成 | P21: 待验收
A22: 主角 Player | B22: 21 | C22: P2 | D22: Player_Idle02 | E22: 长待机 | F22: 8 | G22: 10 | H22: 是 | I22: =IF(OR(F22="",G22=""),"",F22/G22) | J22: 帧1 打哈欠音（可选） | K22: 待机超时切换 | L22: Assets/Art/Art/Player/Sheets/Player_Idle02_sheet.png | M22: Assets/Animations/Player/Idle02.anim | N22: 1200×833 | O22: 已完成 | P22: 待验收
A23: 主角 Player | B23: 22 | C23: P2 | D23: Player_HeavyAttack | E23: 重击 / 蓄力 | F23: 12 | G23: 24 | H23: 否 | I23: =IF(OR(F23="",G23=""),"",F23/G23) | J23: 帧1-8 蓄力；帧10-12 HitOn；帧18 End | K23: 重型单位 / 机关 | L23: Assets/Art/Art/Player/Sheets/Player_HeavyAttack_sheet.png | M23: Assets/Animations/Player/HeavyAttack.anim | N23: 1200×833 | O23: 已完成 | P23: 待验收

Sheet 敌人与BOSS
A1: 角色 | B1: 序号 | C1: 优先级 | D1: Clip 命名 | E1: 动作 | F1: 帧数 | G1: Samples | H1: 循环 | I1: 时长(s) | J1: 动画事件帧（Animation Event） | K1: 用途 / 对应关卡 | L1: 精灵表路径 | M1: Clip 路径 | N1: 画布尺寸 | O1: 制作状态 | P1: 验收状态 | Q1: 备注
A2: 污染生物 Enemy01 | B2: 1 | C2: P0 | D2: Enemy01_Idle | E2: 待机 | F2: 4 | G2: 12 | H2: 是 | I2: =IF(OR(F2="",G2=""),"",F2/G2) | J2: 无 | K2: 关卡1 低级怪 | L2: Assets/Art/Enemies/Enemy01/Sheets/Enemy01_Idle_sheet.png | M2: Assets/Animations/Enemies/Enemy01_Idle.anim | N2: 1312×872 | O2: 已完成 | P2: 待验收
A3: 污染生物 Enemy01 | B3: 2 | C3: P0 | D3: Enemy01_Move | E3: 缓慢移动 | F3: 6 | G3: 10 | H3: 是 | I3: =IF(OR(F3="",G3=""),"",F3/G3) | J3: 帧1/帧4 爬行音（可选） | K3: 关卡1 巡逻 | L3: Assets/Art/Enemies/Enemy01/Sheets/Enemy01_Move_sheet.png | M3: Assets/Animations/Enemies/Enemy01_Move.anim | N3: 1312×872 | O3: 已完成 | P3: 待验收
A4: 污染生物 Enemy01 | B4: 3 | C4: P0 | D4: Enemy01_Attack | E4: 攻击 | F4: 4 | G4: 15 | H4: 否 | I4: =IF(OR(F4="",G4=""),"",F4/G4) | J4: 帧3 HitOn；帧4 HitOff | K4: 关卡1 | L4: Assets/Art/Enemies/Enemy01/Sheets/Enemy01_Attack_sheet.png | M4: Assets/Animations/Enemies/Enemy01_Attack.anim | N4: 1312×872 | O4: 已完成 | P4: 待验收
A5: 污染生物 Enemy01 | B5: 4 | C5: P0 | D5: Enemy01_Hurt | E5: 受击 | F5: 2 | G5: 15 | H5: 否 | I5: =IF(OR(F5="",G5=""),"",F5/G5) | J5: 帧1 受击音 | K5: 关卡1 | L5: Assets/Art/Enemies/Enemy01/Sheets/Enemy01_Hurt_sheet.png | M5: Assets/Animations/Enemies/Enemy01_Hurt.anim | N5: 1312×872 | O5: 已完成 | P5: 待验收
A6: 污染生物 Enemy01 | B6: 5 | C6: P0 | D6: Enemy01_Die | E6: 死亡 | F6: 6 | G6: 15 | H6: 否 | I6: =IF(OR(F6="",G6=""),"",F6/G6) | J6: 帧1 死亡音；帧6 移除+掉落 | K6: 关卡1 | L6: Assets/Art/Enemies/Enemy01/Sheets/Enemy01_Die_sheet.png | M6: Assets/Animations/Enemies/Enemy01_Die.anim | N6: 1312×872 | O6: 已完成 | P6: 待验收
A7: 变异生物 Enemy02 | B7: 6 | C7: P0 | D7: Enemy02_Idle | E7: 待机 | F7: 4 | G7: 12 | H7: 是 | I7: =IF(OR(F7="",G7=""),"",F7/G7) | J7: 无 | K7: 关卡2 | L7: Assets/Art/Enemies/Enemy02/Sheets/Enemy02_Idle_sheet.png | M7: Assets/Animations/Enemies/Enemy02_Idle.anim | N7: 1397×1247 | O7: 已完成 | P7: 待验收
A8: 变异生物 Enemy02 | B8: 7 | C8: P0 | D8: Enemy02_Move | E8: 快速移动 | F8: 8 | G8: 15 | H8: 是 | I8: =IF(OR(F8="",G8=""),"",F8/G8) | J8: 帧1/帧5 脚步（可选） | K8: 关卡2 追击 | L8: Assets/Art/Enemies/Enemy02/Sheets/Enemy02_Move_sheet.png | M8: Assets/Animations/Enemies/Enemy02_Move.anim | N8: 1397×1247 | O8: 已完成 | P8: 待验收
A9: 变异生物 Enemy02 | B9: 8 | C9: P0 | D9: Enemy02_Attack | E9: 扑击 | F9: 6 | G9: 18 | H9: 否 | I9: =IF(OR(F9="",G9=""),"",F9/G9) | J9: 帧4 HitOn；帧5 HitOff | K9: 关卡2 有毒植物/变异生物 | L9: Assets/Art/Enemies/Enemy02/Sheets/Enemy02_Attack_sheet.png | M9: Assets/Animations/Enemies/Enemy02_Attack.anim | N9: 1397×1247 | O9: 已完成 | P9: 待验收
A10: 变异生物 Enemy02 | B10: 9 | C10: P0 | D10: Enemy02_Hurt | E10: 受击 | F10: 2 | G10: 20 | H10: 否 | I10: =IF(OR(F10="",G10=""),"",F10/G10) | J10: 帧1 受击音 | K10: 关卡2 | L10: Assets/Art/Enemies/Enemy02/Sheets/Enemy02_Hurt_sheet.png | M10: Assets/Animations/Enemies/Enemy02_Hurt.anim | N10: 1397×1247 | O10: 已完成 | P10: 待验收
A11: 变异生物 Enemy02 | B11: 10 | C11: P0 | D11: Enemy02_Die | E11: 死亡 | F11: 8 | G11: 15 | H11: 否 | I11: =IF(OR(F11="",G11=""),"",F11/G11) | J11: 帧1 死亡音；帧8 移除+掉落 | K11: 关卡2 | L11: Assets/Art/Enemies/Enemy02/Sheets/Enemy02_Die_sheet.png | M11: Assets/Animations/Enemies/Enemy02_Die.anim | N11: 1397×1247 | O11: 已完成 | P11: 待验收
A12: 巡逻机器人 Enemy03 | B12: 11 | C12: P1 | D12: Enemy03_Spawn | E12: 出场启动 | F12: 4 | G12: 24 | H12: 否 | I12: =IF(OR(F12="",G12=""),"",F12/G12) | J12: 帧1 开机音 | K12: 关卡3 生成 | L12: Assets/Art/Enemies/Enemy03/Sheets/Enemy03_Spawn_sheet.png | M12: Assets/Animations/Enemies/Enemy03_Spawn.anim | N12: 993×1124 | O12: 已完成 | P12: 待验收
A13: 巡逻机器人 Enemy03 | B13: 12 | C13: P0 | D13: Enemy03_Idle | E13: 巡逻待机 | F13: 4 | G13: 12 | H13: 是 | I13: =IF(OR(F13="",G13=""),"",F13/G13) | J13: 无 | K13: 关卡3 | L13: Assets/Art/Enemies/Enemy03/Sheets/Enemy03_Idle_sheet.png | M13: Assets/Animations/Enemies/Enemy03_Idle.anim | N13: 993×1124 | O13: 已完成 | P13: 待验收
... A15: 巡逻机器人 Enemy03 | B15: 14 | C15: P0 | D15: Enemy03_Attack | E15: 攻击 | F15: 8 | G15: 20 | H15: 否 | I15: =IF(OR(F15="",G15=""),"",F15/G15) | J15: 帧5 HitOn；帧7 HitOff | K15: 关卡3 | L15: Assets/Art/Enemies/Enemy03/Sheets/Enemy03_Attack_sheet.png | M15: Assets/Animations/Enemies/Enemy03_Attack.anim | N15: 993×1124 | O15: 已完成 | P15: 待验收
A16: 巡逻机器人 Enemy03 | B16: 15 | C16: P0 | D16: Enemy03_Hurt | E16: 受击 | F16: 2 | G16: 20 | H16: 否 | I16: =IF(OR(F16="",G16=""),"",F16/G16) | J16: 帧1 金属受击音（无后退） | K16: 关卡3 | L16: Assets/Art/Enemies/Enemy03/Sheets/Enemy03_Hurt_sheet.png | M16: Assets/Animations/Enemies/Enemy03_Hurt.anim | N16: 993×1124 | O16: 已完成 | P16: 待验收 | Q16: 机械感，不做位移
A17: 巡逻机器人 Enemy03 | B17: 16 | C17: P0 | D17: Enemy03_Die | E17: 爆炸销毁 | F17: 10 | G17: 15 | H17: 否 | I17: =IF(OR(F17="",G17=""),"",F17/G17) | J17: 帧1 警报；帧8 爆炸特效；帧10 移除 | K17: 关卡3 | L17: Assets/Art/Enemies/Enemy03/Sheets/Enemy03_Die_sheet.png | M17: Assets/Animations/Enemies/Enemy03_Die.anim | N17: 993×1124 | O17: 已完成 | P17: 待验收
A18: 毒气防御塔 Tower01 | B18: 17 | C18: P0 | D18: Tower01_Idle | E18: 待机 | F18: 4 | G18: 12 | H18: 是 | I18: =IF(OR(F18="",G18=""),"",F18/G18) | J18: 无 | K18: 关卡3 固定单位 | L18: Assets/Art/Towers/Tower01/Sheets/Tower01_Idle_sheet.png | M18: Assets/Animations/Towers/Tower01_Idle.anim | N18: 942×979 | O18: 已完成 | P18: 待验收
A19: 毒气防御塔 Tower01 | B19: 18 | C19: P1 | D19: Tower01_Aim | E19: 瞄准 | F19: 4 | G19: 15 | H19: 否 | I19: =IF(OR(F19="",G19=""),"",F19/G19) | J19: 帧4 锁定音 | K19: 关卡3 攻击前摇 | L19: Assets/Art/Towers/Tower01/Sheets/Tower01_Aim_sheet.png | M19: Assets/Animations/Towers/Tower01_Aim.anim | N19: 942×979 | O19: 已完成 | P19: 待验收
A20: 毒气防御塔 Tower01 | B20: 19 | C20: P0 | D20: Tower01_Fire | E20: 喷毒 | F20: 6 | G20: 18 | H20: 否 | I20: =IF(OR(F20="",G20=""),"",F20/G20) | J20: 帧2 生成毒气弹幕；帧6 停火 | K20: 关卡3 | L20: Assets/Art/Towers/Tower01/Sheets/Tower01_Fire_sheet.png | M20: Assets/Animations/Towers/Tower01_Fire.anim | N20: 942×979 | O20: 已完成 | P20: 待验收
A21: 毒气防御塔 Tower01 | B21: 20 | C21: P0 | D21: Tower01_Disable | E21: 瘫痪销毁 | F21: 6 | G21: 12 | H21: 否 | I21: =IF(OR(F21="",G21=""),"",F21/G21) | J21: 帧1 短路音；帧6 销毁 | K21: 关卡3 | L21: Assets/Art/Towers/Tower01/Sheets/Tower01_Disable_sheet.png | M21: Assets/Animations/Towers/Tower01_Disable.anim | N21: 942×979 | O21: 已完成 | P21: 待验收 | Q21: 以销毁代替死亡
A22: 最终BOSS Boss01 | B22: 21 | C22: P0 | D22: Boss01_Idle | E22: 待机 | F22: 6 | G22: 10 | H22: 是 | I22: =IF(OR(F22="",G22=""),"",F22/G22) | J22: 无 | K22: 关卡3 BOSS | L22: Assets/Art/Boss/Boss01/Sheets/Boss01_Idle_sheet.png | M22: Assets/Animations/Boss/Boss01_Idle.anim | N22: 1216×798 | O22: 已完成 | P22: 待验收
A23: 最终BOSS Boss01 | B23: 22 | C23: P0 | D23: Boss01_Move | E23: 移动 | F23: 10 | G23: 12 | H23: 是 | I23: =IF(OR(F23="",G23=""),"",F23/G23) | J23: 帧1/帧6 脚步（重） | K23: 关卡3 BOSS | L23: Assets/Art/Boss/Boss01/Sheets/Boss01_Move_sheet.png | M23: Assets/Animations/Boss/Boss01_Move.anim | N23: 1216×798 | O23: 已完成 | P23: 待验收
A24: 最终BOSS Boss01 | B24: 23 | C24: P0 | D24: Boss01_AttackA | E24: 冲撞 | F24: 10 | G24: 20 | H24: 否 | I24: =IF(OR(F24="",G24=""),"",F24/G24) | J24: 帧6 HitOn；帧8 HitOff；帧10 End | K24: 关卡3 近战 | L24: Assets/Art/Boss/Boss01/Sheets/Boss01_AttackA_sheet.png | M24: Assets/Animations/Boss/Boss01_AttackA.anim | N24: 1216×798 | O24: 已完成 | P24: 待验收
A25: 最终BOSS Boss01 | B25: 24 | C25: P0 | D25: Boss01_AttackB | E25: 远程弹幕 | F25: 12 | G25: 18 | H25: 否 | I25: =IF(OR(F25="",G25=""),"",F25/G25) | J25: 帧5 / 帧8 生成弹幕；帧12 End | K25: 关卡3 远程 | L25: Assets/Art/Boss/Boss01/Sheets/Boss01_AttackB_sheet.png | M25: Assets/Animations/Boss/Boss01_AttackB.anim | N25: 1216×798 | O25: 已完成 | P25: 待验收
A26: 最终BOSS Boss01 | B26: 25 | C26: P1 | D26: Boss01_Special | E26: 特殊技能 | F26: 14 | G26: 24 | H26: 否 | I26: =IF(OR(F26="",G26=""),"",F26/G26) | J26: 帧6 技能生效；帧14 End | K26: 关卡3 阶段技能 | L26: Assets/Art/Boss/Boss01/Sheets/Boss01_Special_sheet.png | M26: Assets/Animations/Boss/Boss01_Special.anim | N26: 1216×798 | O26: 已完成 | P26: 待验收
A27: 最终BOSS Boss01 | B27: 26 | C27: P0 | D27: Boss01_Hurt | E27: 受击硬直 | F27: 3 | G27: 15 | H27: 否 | I27: =IF(OR(F27="",G27=""),"",F27/G27) | J27: 帧1 金属受击音 | K27: 关卡3 | L27: Assets/Art/Boss/Boss01/Sheets/Boss01_Hurt_sheet.png | M27: Assets/Animations/Boss/Boss01_Hurt.anim | N27: 1216×798 | O27: 已完成 | P27: 待验收 | Q27: 硬直比小怪短
A28: 最终BOSS Boss01 | B28: 27 | C28: P1 | D28: Boss01_Enrage | E28: 半血狂暴 | F28: 6 | G28: 20 | H28: 否 | I28: =IF(OR(F28="",G28=""),"",F28/G28) | J28: 帧1 狂暴音；帧6 切换强化状态 | K28: 关卡3 阶段转换 | L28: Assets/Art/Boss/Boss01/Sheets/Boss01_Enrage_sheet.png | M28: Assets/Animations/Boss/Boss01_Enrage.anim | N28: 1216×798 | O28: 已完成 | P28: 待验收 | Q28: 一次性切换
A29: 最终BOSS Boss01 | B29: 28 | C29: P0 | D29: Boss01_Die | E29: BOSS 死亡 | F29: 16 | G29: 15 | H29: 否 | I29: =IF(OR(F29="",G29=""),"",F29/G29) | J29: 帧1 报警；帧5 爆炸；帧13 坍塌；帧16 DieEnd（通关结算） | K29: 关卡3 通关 | L29: Assets/Art/Boss/Boss01/Sheets/Boss01_Die_sheet.png | M29: Assets/Animations/Boss/Boss01_Die.anim | N29: 1216×798 | O29: 已完成 | P29: 待验收 | Q29: 仪式感，约1秒+
A30: 最终BOSS Boss01 | B30: 29 | C30: P0 | D30: Boss01_Charge | E30: 蓄力（技能B / 特殊招前摇） | F30: 8 | G30: 12 | H30: 是 | I30: =IF(OR(F30="",G30=""),"",F30/G30) | J30: 无（循环态，无事件） | K30: 关卡3 技能B / 特殊招长前摇 | L30: Assets/Art/Boss/Boss01/Sheets/Boss01_Charge_sheet.png | M30: Assets/Animations/Boss/Boss01/Charge.anim | N30: 1216×798 | O30: 已完成 | P30: 待验收 | Q30: 8帧1.1s循环；核心鼓胀→绿雾外溢→回落；逐帧等高+底座锚点

Sheet 资源规范
A1: 资源制作规范（帧动画路线）
A3: 分类 | B3: 规范
A4: 单帧画布 | B4: 主角 512×512；小怪 / 防御塔 256×256；BOSS 1024×1024；透明底 PNG。同一角色全部动作等大画布。
A5: 锚点与基线 | B5: Pivot 统一 Bottom Center；角色在格内水平中线+脚底基线固定，四周留 2px 透明 padding 防切边。
A6: 统一朝向 | B6: 全部朝右绘制，朝左用 SpriteRenderer.flipX；攻击判定点挂子物体随翻转。
A7: 帧命名 | B7: Clip名_两位序号：Player_Run_00 ~ Player_Run_15；循环动作 _00 即接缝帧，首尾不重复存。
A8: 精灵表 | B8: 一个动作一张横排 Sheet，等大网格切片；后续用 Sprite Atlas 按角色打包。
A9: 目录结构 | B9: Assets/Art/Player/Sheets/（主角） Assets/Art/Enemies/Sheets/（小怪） Assets/Art/Towers/Sheets/（防御塔） Assets/Art/Boss/Sheets/（BOSS） Assets/Art/FX/（独立特效，禁止烘焙进角色帧） Assets/Animations/Player|Enemies|Towers|Boss/（.anim） Assets/Animators/（状态机） Assets/Prefabs/（预制体）
A10: 循环设置 | B10: Idle / Run / Fall / Victory 勾 Loop Time，其余不循环；循环只存一个周期的帧。
A11: Samples 与帧率 | B11: 循环动作 12-24，爆发动作 15-30（见清单 Samples 列）；游戏锁 60fps：VSync=Every V Blank，Fixed Timestep=0.016667。
A12: 攻击帧结构 | B12: 前摇（预判/可被取消）→ 判定 1-3 帧（Hitbox On）→ 后摇（硬直）；HitOn/HitOff 必须用 Animation Event 调客户端代码。
A13: Animator 参数 | B13: Speed(float)、IsGrounded(bool)、VVelocity(float)、Attack/Hurt/Dash(Trigger)、IsDead(bool)。
A14: 打断优先级 | B14: Die > Hurt > Attack/Interact > Dash > Jump > Run/Idle；Any State → Hurt / Die 设最高优先级并允许 Can Transition To Self。
... A19: 状态流转 | B19: 制作状态：未开始 → 制作中 → 已完成；验收状态：待验收 → 通过 / 返工（返工回到制作中）。
